{
  "swin": {
    "train_loss": [
      0.9385615765486606,
      0.3712490645094416,
      0.22188734632518523,
      0.15938031728337132,
      0.10187681121695803,
      0.06682338436224339,
      0.048372095609969606,
      0.028881786489298993,
      0.024515971776380124,
      0.021616973303050527
    ],
    "train_acc": [
      0.6580976863753213,
      0.8736075407026563,
      0.9301628106255355,
      0.9507283633247644,
      0.9622964867180805,
      0.980719794344473,
      0.9850042844901457,
      0.9931448157669237,
      0.9927163667523564,
      0.9927163667523564
    ],
    "val_loss": [
      0.3299377045585114,
      0.19834784013264387,
      0.24900719074948321,
      0.16429655766566692,
      0.14058831308796568,
      0.14893215014237585,
      0.13673278859655996,
      0.12038084831599087,
      0.11021795021026741,
      0.11019150546653868
    ],
    "val_acc": [
      0.8980582524271845,
      0.9247572815533981,
      0.912621359223301,
      0.9563106796116505,
      0.9635922330097088,
      0.9611650485436893,
      0.9611650485436893,
      0.9684466019417476,
      0.9733009708737864,
      0.9660194174757282
    ]
  },
  "deit": {
    "train_loss": [
      0.4933537481210634,
      0.20678866559507098,
      0.128350383277277,
      0.0807426069737847,
      0.07665850426889988,
      0.03328474606016225,
      0.02749985399984794,
      0.013619961040976339,
      0.008430693616800093,
      0.0080422327310368
    ],
    "train_acc": [
      0.8226221079691517,
      0.9233076263924593,
      0.9562982005141388,
      0.9730077120822622,
      0.9725792630676949,
      0.991859468723222,
      0.9914310197086547,
      0.9965724078834619,
      0.998286203941731,
      0.9987146529562982
    ],
    "val_loss": [
      0.2719791009298806,
      0.18795237668509623,
      0.21234201972635047,
      0.18372474601763544,
      0.17075625190384758,
      0.16888767576695068,
      0.1484014630290562,
      0.1484083365648985,
      0.14274814891633442,
      0.1413220123735989
    ],
    "val_acc": [
      0.8980582524271845,
      0.941747572815534,
      0.9368932038834952,
      0.9368932038834952,
      0.9514563106796117,
      0.9466019417475728,
      0.9538834951456311,
      0.9563106796116505,
      0.9635922330097088,
      0.9611650485436893
    ]
  },
  "mae": {
    "train_loss": [
      0.6495275801078009,
      0.3320728790688535,
      0.2660213319940657,
      0.16411274532055692,
      0.12481611660316957,
      0.08136075404859702,
      0.04825540081296202,
      0.02525573322827183,
      0.012428036720939652,
      0.012913623336359823
    ],
    "train_acc": [
      0.7527849185946872,
      0.8791773778920309,
      0.8984575835475579,
      0.9395886889460154,
      0.9567266495287061,
      0.974293059125964,
      0.9858611825192802,
      0.991859468723222,
      0.9974293059125964,
      0.9965724078834619
    ],
    "val_loss": [
      0.2514864443575294,
      0.2720648566785368,
      0.22010050236600118,
      0.2149244333138165,
      0.1799690207484567,
      0.22119653349724208,
      0.19549957514532562,
      0.1701363557746218,
      0.1795651877335119,
      0.16834440526498246
    ],
    "val_acc": [
      0.9174757281553398,
      0.9077669902912622,
      0.9199029126213593,
      0.9320388349514563,
      0.941747572815534,
      0.9223300970873787,
      0.941747572815534,
      0.9538834951456311,
      0.9490291262135923,
      0.9538834951456311
    ]
  }
}